[
    {
        "name": "Popüler",
        "subgroups": [
            {
                "name": "Popüler/Afacanlar", "viewName": "Afacanların Hikâyesi", "channelId": "AfacanlarinHikayesi",
                    "videos": [
                        {"id": {"videoId": "1qsolg9G5RI"},"snippet": {"title": "Afacanların Hikâyesi 1.Bölüm -'İsraf Etme Paylaş'","channelTitle": "Afacanların Hikâyesi","duration": "PT5M34S","uploadDate": "2021-05-25T09:00:15-07:00","thumbnails": {"high": { "url": "https://i.ytimg.com/vi/1qsolg9G5RI/maxresdefault.jpg"}}}},
                        {"id": {"videoId": "1BAyr5kmHK8"},"snippet": {"title": "Afacanların Hikâyesi 2.Bölüm -'İyilik'","channelTitle": "Afacanların Hikâyesi","duration": "PT6M16S","uploadDate": "2021-05-25T10:00:01-07:00","thumbnails": {"high": { "url": "https://i.ytimg.com/vi/1BAyr5kmHK8/maxresdefault.jpg"}}}},
                        {"id": {"videoId": "aNVfJQB6o0A"},"snippet": {"title": "Afacanların Hikâyesi 3.Bölüm -'Bilgi Yarışması'","channelTitle": "Afacanların Hikâyesi","duration": "PT7M25S","uploadDate": "2021-05-25T11:00:01-07:00","thumbnails": {"high": { "url": "https://i.ytimg.com/vi/aNVfJQB6o0A/maxresdefault.jpg"}}}},
                        {"id": {"videoId": "wrFt_1MSm6s"},"snippet": {"title": "Afacanların Hikâyesi 4.Bölüm -'En Güzel Kitap'","channelTitle": "Afacanların Hikâyesi","duration": "PT6M58S","uploadDate": "2021-05-26T09:30:04-07:00","thumbnails": {"high": { "url": "https://i.ytimg.com/vi/wrFt_1MSm6s/maxresdefault.jpg"}}}},
                        {"id": {"videoId": "5R5RaujqkE4"},"snippet": {"title": "Afacanların Hikâyesi 5.Bölüm -'Kar Yağıyor'","channelTitle": "Afacanların Hikâyesi","duration": "PT7M11S","uploadDate": "2021-05-27T09:30:01-07:00","thumbnails": {"high": { "url": "https://i.ytimg.com/vi/5R5RaujqkE4/maxresdefault.jpg"}}}},
                        {"id": {"videoId": "V8cwFoN2WbM"},"snippet": {"title": "Afacanların Hikâyesi 6.Bölüm -'Rabbimiz Bir, Peygamberimiz Bir'","channelTitle": "Afacanların Hikâyesi","duration": "PT8M5S","uploadDate": "2021-05-28T09:30:08-07:00","thumbnails": {"high": { "url": "https://i.ytimg.com/vi/V8cwFoN2WbM/maxresdefault.jpg"}}}},
                        {"id": {"videoId": "tnKy_h6RbxY"},"snippet": {"title": "Afacanların Hikâyesi 7.Bölüm -'Kamptayız'","channelTitle": "Afacanların Hikâyesi","duration": "PT5M47S","uploadDate": "2021-05-29T09:30:08-07:00","thumbnails": {"high": { "url": "https://i.ytimg.com/vi/tnKy_h6RbxY/maxresdefault.jpg"}}}},
                        {"id": {"videoId": "k5Pt32chxIM"},"snippet": {"title": "Afacanların Hikâyesi 8.Bölüm -'Kim Başkan Olacak'","channelTitle": "Afacanların Hikâyesi","duration": "PT7M15S","uploadDate": "2021-05-30T09:30:08-07:00","thumbnails": {"high": { "url": "https://i.ytimg.com/vi/k5Pt32chxIM/maxresdefault.jpg"}}}},
                        {"id": {"videoId": "4w8WfzGvfK4"},"snippet": {"title": "Afacanların Hikâyesi 9.Bölüm -'Fedakârlık'","channelTitle": "Afacanların Hikâyesi","duration": "PT6M54S","uploadDate": "2021-05-31T09:30:01-07:00","thumbnails": {"high": { "url": "https://i.ytimg.com/vi/4w8WfzGvfK4/maxresdefault.jpg"}}}},
                        {"id": {"videoId": "AuyY6vJtcYY"},"snippet": {"title": "Afacanların Hikâyesi 10.Bölüm -'Hayvanları Sevelim'","channelTitle": "Afacanların Hikâyesi","duration": "PT6M14S","uploadDate": "2021-06-01T09:30:01-07:00","thumbnails": {"high": { "url": "https://i.ytimg.com/vi/AuyY6vJtcYY/maxresdefault.jpg"}}}},
                        {"id": {"videoId": "Ybswy4NcPl4"},"snippet": {"title": "Afacanların Hikâyesi 11.Bölüm -'Bakış Açısı'","channelTitle": "Afacanların Hikâyesi","duration": "PT5M50S","uploadDate": "2021-06-03T09:30:03-07:00","thumbnails": {"high": { "url": "https://i.ytimg.com/vi/Ybswy4NcPl4/maxresdefault.jpg"}}}},
                        {"id": {"videoId": "0DVaKKbVxSc"},"snippet": {"title": "Afacanların Hikâyesi 12.Bölüm -'Dünyadaki İlk Ev'","channelTitle": "Afacanların Hikâyesi","duration": "PT4M57S","uploadDate": "2021-06-05T09:30:00-07:00","thumbnails": {"high": { "url": "https://i.ytimg.com/vi/0DVaKKbVxSc/maxresdefault.jpg"}}}},
                        {"id": {"videoId": "8YqBOLNM0sc"},"snippet": {"title": "Afacanların Hikâyesi 13.Bölüm -'Merhamet'","channelTitle": "Afacanların Hikâyesi","duration": "PT4M54S","uploadDate": "2021-06-07T09:30:01-07:00","thumbnails": {"high": { "url": "https://i.ytimg.com/vi/8YqBOLNM0sc/maxresdefault.jpg"}}}},
                        {"id": {"videoId": "DrfbdQ_Hz0c"},"snippet": {"title": "Afacanların Hikâyesi 14.Bölüm -'Yardımlaşmak Güzeldir'","channelTitle": "Afacanların Hikâyesi","duration": "PT4M44S","uploadDate": "2021-06-09T09:30:02-07:00","thumbnails": {"high": { "url": "https://i.ytimg.com/vi/DrfbdQ_Hz0c/maxresdefault.jpg"}}}},
                        {"id": {"videoId": "HwYOWohzatI"},"snippet": {"title": "Afacanların Hikâyesi 15.Bölüm -'Mikroskop'","channelTitle": "Afacanların Hikâyesi","duration": "PT5M28S","uploadDate": "2021-06-11T09:30:04-07:00","thumbnails": {"high": { "url": "https://i.ytimg.com/vi/HwYOWohzatI/maxresdefault.jpg"}}}},
                        {"id": {"videoId": "xTye95_s3aA"},"snippet": {"title": "Afacanların Hikâyesi 16.Bölüm -'Sünnetleri Öğreniyoruz'","channelTitle": "Afacanların Hikâyesi","duration": "PT8M21S","uploadDate": "2021-06-13T09:30:03-07:00","thumbnails": {"high": { "url": "https://i.ytimg.com/vi/xTye95_s3aA/maxresdefault.jpg"}}}},
                        {"id": {"videoId": "BkJYm1CUq0Q"},"snippet": {"title": "Afacanların Hikâyesi 17.Bölüm -'Çiçekler ve Arılar'","channelTitle": "Afacanların Hikâyesi","duration": "PT6M44S","uploadDate": "2021-06-15T09:30:03-07:00","thumbnails": {"high": { "url": "https://i.ytimg.com/vi/BkJYm1CUq0Q/maxresdefault.jpg"}}}},
                        {"id": {"videoId": "LgEE_UWBBCU"},"snippet": {"title": "Afacanların Hikâyesi 18.Bölüm -'Selam Vermek'","channelTitle": "Afacanların Hikâyesi","duration": "PT5M27S","uploadDate": "2021-06-17T09:30:02-07:00","thumbnails": {"high": { "url": "https://i.ytimg.com/vi/LgEE_UWBBCU/maxresdefault.jpg"}}}},
                        {"id": {"videoId": "BM_deYVF90s"},"snippet": {"title": "Afacanların Hikâyesi 19.Bölüm -'Rahmet Yağıyor'","channelTitle": "Afacanların Hikâyesi","duration": "PT5M8S","uploadDate": "2021-06-19T09:30:01-07:00","thumbnails": {"high": { "url": "https://i.ytimg.com/vi/BM_deYVF90s/maxresdefault.jpg"}}}},
                        {"id": {"videoId": "ep_3HhvdpTU"},"snippet": {"title": "Afacanların Hikâyesi 20.Bölüm -'Rüya'nın Hayali'","channelTitle": "Afacanların Hikâyesi","duration": "PT4M31S","uploadDate": "2021-06-21T09:30:03-07:00","thumbnails": {"high": { "url": "https://i.ytimg.com/vi/ep_3HhvdpTU/maxresdefault.jpg"}}}},
                        {"id": {"videoId": "K0lkNGZMtS8"},"snippet": {"title": "Afacanların Hikâyesi 21.Bölüm -'Boş Duranın Canı Sıkılır'","channelTitle": "Afacanların Hikâyesi","duration": "PT6M12S","uploadDate": "2021-06-24T09:30:02-07:00","thumbnails": {"high": { "url": "https://i.ytimg.com/vi/K0lkNGZMtS8/hqdefault.jpg"}}}},
                        {"id": {"videoId": "hMKOhvxH4Xc"},"snippet": {"title": "Afacanların Hikâyesi 22.Bölüm -'Şefkat'in Duası'","channelTitle": "Afacanların Hikâyesi","duration": "PT5M20S","uploadDate": "2021-06-27T09:30:05-07:00","thumbnails": {"high": { "url": "https://i.ytimg.com/vi/hMKOhvxH4Xc/maxresdefault.jpg"}}}},
                        {"id": {"videoId": "3qHtHNqAJlA"},"snippet": {"title": "Afacanların Hikâyesi 23.Bölüm -'Her Yer Tertemiz'","channelTitle": "Afacanların Hikâyesi","duration": "PT5M49S","uploadDate": "2021-06-30T09:30:02-07:00","thumbnails": {"high": { "url": "https://i.ytimg.com/vi/3qHtHNqAJlA/maxresdefault.jpg"}}}},
                        {"id": {"videoId": "X3ZH2nSb5ik"},"snippet": {"title": "Afacanların Hikâyesi 24.Bölüm -'Kalemlik'","channelTitle": "Afacanların Hikâyesi","duration": "PT5M26S","uploadDate": "2021-07-03T09:30:06-07:00","thumbnails": {"high": { "url": "https://i.ytimg.com/vi/X3ZH2nSb5ik/maxresdefault.jpg"}}}},
                        {"id": {"videoId": "lVD4ayZECJY"},"snippet": {"title": "Afacanların Hikâyesi 25.Bölüm -'Araştır'","channelTitle": "Afacanların Hikâyesi","duration": "PT5M33S","uploadDate": "2021-07-06T09:30:05-07:00","thumbnails": {"high": { "url": "https://i.ytimg.com/vi/lVD4ayZECJY/maxresdefault.jpg"}}}},
                        {"id": {"videoId": "iM6cbiXOqL8"},"snippet": {"title": "Afacanların Hikâyesi 26.Bölüm -'Yeşil Yapraklar'","channelTitle": "Afacanların Hikâyesi","duration": "PT5M3S","uploadDate": "2021-07-09T09:30:04-07:00","thumbnails": {"high": { "url": "https://i.ytimg.com/vi/iM6cbiXOqL8/maxresdefault.jpg"}}}},
                        {"id": {"videoId": "-ABeIKzQqXE"},"snippet": {"title": "Afacanların Hikâyesi 27.Bölüm -'Elma, Yumurta ve Süt'","channelTitle": "Afacanların Hikâyesi","duration": "PT5M50S","uploadDate": "2021-07-12T09:30:00-07:00","thumbnails": {"high": { "url": "https://i.ytimg.com/vi/-ABeIKzQqXE/maxresdefault.jpg"}}}},
                        {"id": {"videoId": "gmvusUEFEIY"},"snippet": {"title": "Afacanların Hikâyesi 28.Bölüm -'İyiler Cemiyeti'","channelTitle": "Afacanların Hikâyesi","duration": "PT5M37S","uploadDate": "2021-07-15T09:30:02-07:00","thumbnails": {"high": { "url": "https://i.ytimg.com/vi/gmvusUEFEIY/maxresdefault.jpg"}}}},
                        {"id": {"videoId": "r-JldUjXBvA"},"snippet": {"title": "Afacanların Hikâyesi 29.Bölüm -'Namaz Kılıyoruz'","channelTitle": "Afacanların Hikâyesi","duration": "PT6M3S","uploadDate": "2021-07-18T09:30:03-07:00","thumbnails": {"high": { "url": "https://i.ytimg.com/vi/r-JldUjXBvA/maxresdefault.jpg"}}}},
                        {"id": {"videoId": "LsrDlJJvZXU"},"snippet": {"title": "Afacanların Hikâyesi 30.Bölüm -'Üzülme Dedeciğim'","channelTitle": "Afacanların Hikâyesi","duration": "PT7M18S","uploadDate": "2021-07-21T09:30:01-07:00","thumbnails": {"high": { "url": "https://i.ytimg.com/vi/LsrDlJJvZXU/maxresdefault.jpg"}}}},
                        {"id": {"videoId": "Aklx8qhX-_s"},"snippet": {"title": "Afacanların Hikâyesi 31.Bölüm -'Sevgi Şifadır'","channelTitle": "Afacanların Hikâyesi","duration": "PT5M44S","uploadDate": "2021-07-25T09:30:01-07:00","thumbnails": {"high": { "url": "https://i.ytimg.com/vi/Aklx8qhX-_s/maxresdefault.jpg"}}}},
                        {"id": {"videoId": "Ij67T-sp_wk"},"snippet": {"title": "Afacanların Hikâyesi 32.Bölüm -'Kuyudaki Adam'","channelTitle": "Afacanların Hikâyesi","duration": "PT7M16S","uploadDate": "2021-07-29T09:30:01-07:00","thumbnails": {"high": { "url": "https://i.ytimg.com/vi/Ij67T-sp_wk/maxresdefault.jpg"}}}},
                        {"id": {"videoId": "PeXwmJlaSqU"},"snippet": {"title": "Afacanların Hikâyesi 33.Bölüm -'Teşekkür'","channelTitle": "Afacanların Hikâyesi","duration": "PT6M1S","uploadDate": "2021-08-02T09:30:01-07:00","thumbnails": {"high": { "url": "https://i.ytimg.com/vi/PeXwmJlaSqU/maxresdefault.jpg"}}}},
                        {"id": {"videoId": "8DeI5pd_h1U"},"snippet": {"title": "Afacanların Hikâyesi 34.Bölüm -'Hat Sanatı'","channelTitle": "Afacanların Hikâyesi","duration": "PT5M21S","uploadDate": "2021-08-06T09:30:01-07:00","thumbnails": {"high": { "url": "https://i.ytimg.com/vi/8DeI5pd_h1U/maxresdefault.jpg"}}}},
                        {"id": {"videoId": "oj4eAjHIhv4"},"snippet": {"title": "Afacanların Hikâyesi 35.Bölüm -'Araba Yarışı'","channelTitle": "Afacanların Hikâyesi","duration": "PT7M34S","uploadDate": "2021-08-10T09:30:12-07:00","thumbnails": {"high": { "url": "https://i.ytimg.com/vi/oj4eAjHIhv4/maxresdefault.jpg"}}}},
                        {"id": {"videoId": "lN1fPliLjZQ"},"snippet": {"title": "Afacanların Hikâyesi 36.Bölüm -'Cennete Gitti'","channelTitle": "Afacanların Hikâyesi","duration": "PT6M26S","uploadDate": "2021-08-14T09:30:05-07:00","thumbnails": {"high": { "url": "https://i.ytimg.com/vi/lN1fPliLjZQ/maxresdefault.jpg"}}}},
                        {"id": {"videoId": "6fGOWt9ouDA"},"snippet": {"title": "Afacanların Hikâyesi 37.Bölüm -'En Büyük Fabrika'","channelTitle": "Afacanların Hikâyesi","duration": "PT6M42S","uploadDate": "2021-08-18T09:30:00-07:00","thumbnails": {"high": { "url": "https://i.ytimg.com/vi/6fGOWt9ouDA/maxresdefault.jpg"}}}},
                        {"id": {"videoId": "3oPJhW7WRFg"},"snippet": {"title": "Afacanların Hikâyesi 38.Bölüm -'Uzaylılar Nerede'","channelTitle": "Afacanların Hikâyesi","duration": "PT6M25S","uploadDate": "2021-08-26T09:30:01-07:00","thumbnails": {"high": { "url": "https://i.ytimg.com/vi/3oPJhW7WRFg/maxresdefault.jpg"}}}},
                        {"id": {"videoId": "z1cJB8aGmI0"},"snippet": {"title": "Afacanların Hikâyesi 39.Bölüm -'Gıybet'","channelTitle": "Afacanların Hikâyesi","duration": "PT6M35S","uploadDate": "2021-08-30T09:30:11-07:00","thumbnails": {"high": { "url": "https://i.ytimg.com/vi/z1cJB8aGmI0/maxresdefault.jpg"}}}},
                        {"id": {"videoId": "5D27O4MCJGs"},"snippet": {"title": "Afacanların Hikâyesi 40.Bölüm -'Dürüstlük'","channelTitle": "Afacanların Hikâyesi","duration": "PT7M46S","uploadDate": "2021-09-05T03:30:01-07:00","thumbnails": {"high": { "url": "https://i.ytimg.com/vi/5D27O4MCJGs/maxresdefault.jpg"}}}},
                        {"id": {"videoId": "cmc336AvYJE"},"snippet": {"title": "Afacanların Hikâyesi 41.Bölüm -'Yıldızlar Gibi'","channelTitle": "Afacanların Hikâyesi","duration": "PT4M49S","uploadDate": "2021-09-12T03:30:13-07:00","thumbnails": {"high": { "url": "https://i.ytimg.com/vi/cmc336AvYJE/maxresdefault.jpg"}}}},
                        {"id": {"videoId": "hEvJ46OXBdQ"},"snippet": {"title": "Afacanların Hikâyesi 42.Bölüm -'Öf Bile Deme'","channelTitle": "Afacanların Hikâyesi","duration": "PT6M16S","uploadDate": "2021-09-19T03:30:06-07:00","thumbnails": {"high": { "url": "https://i.ytimg.com/vi/hEvJ46OXBdQ/maxresdefault.jpg"}}}},
                        {"id": {"videoId": "T88U4nVYyEE"},"snippet": {"title": "Afacanların Hikâyesi 43.Bölüm -'Allah'ı Tanımak'","channelTitle": "Afacanların Hikâyesi","duration": "PT7M6S","uploadDate": "2021-09-26T03:30:08-07:00","thumbnails": {"high": { "url": "https://i.ytimg.com/vi/T88U4nVYyEE/maxresdefault.jpg"}}}},
                        {"id": {"videoId": "4qsww7rXxJQ"},"snippet": {"title": "Afacanların Hikâyesi 44.Bölüm -'Tevekkül'","channelTitle": "Afacanların Hikâyesi","duration": "PT6M41S","uploadDate": "2021-10-03T03:30:00-07:00","thumbnails": {"high": { "url": "https://i.ytimg.com/vi/4qsww7rXxJQ/maxresdefault.jpg"}}}},
                        {"id": {"videoId": "8B1hP615dpc"},"snippet": {"title": "Afacanların Hikâyesi 45.Bölüm -'Sağlık ve Hastalık'","channelTitle": "Afacanların Hikâyesi","duration": "PT5M39S","uploadDate": "2021-10-10T03:30:01-07:00","thumbnails": {"high": { "url": "https://i.ytimg.com/vi/8B1hP615dpc/maxresdefault.jpg"}}}},
                        {"id": {"videoId": "5mT4FT2zrJ8"},"snippet": {"title": "Afacanların Hikâyesi 46.Bölüm -'Cimri Mi Fakir Mi'","channelTitle": "Afacanların Hikâyesi","duration": "PT5M20S","uploadDate": "2021-10-17T03:30:01-07:00","thumbnails": {"high": { "url": "https://i.ytimg.com/vi/5mT4FT2zrJ8/maxresdefault.jpg"}}}},
                        {"id": {"videoId": "Z7cNQaiuH4Q"},"snippet": {"title": "Afacanların Hikâyesi 47.Bölüm -'Tabletle Ne Yapılır'","channelTitle": "Afacanların Hikâyesi","duration": "PT4M46S","uploadDate": "2021-10-24T03:30:04-07:00","thumbnails": {"high": { "url": "https://i.ytimg.com/vi/Z7cNQaiuH4Q/maxresdefault.jpg"}}}},
                        {"id": {"videoId": "1sQBmYN9phU"},"snippet": {"title": "Afacanların Hikâyesi 48.Bölüm -'Korkma'","channelTitle": "Afacanların Hikâyesi","duration": "PT5M34S","uploadDate": "2021-10-31T03:30:00-07:00","thumbnails": {"high": { "url": "https://i.ytimg.com/vi/1sQBmYN9phU/maxresdefault.jpg"}}}},
                        {"id": {"videoId": "AlTLXikw1Qc"},"snippet": {"title": "Afacanların Hikâyesi 49.Bölüm -'En Değerli Varlık'","channelTitle": "Afacanların Hikâyesi","duration": "PT6M40S","uploadDate": "2021-11-07T02:30:03-08:00","thumbnails": {"high": { "url": "https://i.ytimg.com/vi/AlTLXikw1Qc/maxresdefault.jpg"}}}},
                        {"id": {"videoId": "HK4oygouBDg"},"snippet": {"title": "Afacanların Hikâyesi 50.Bölüm -'Birlik Olmak'","channelTitle": "Afacanların Hikâyesi","duration": "PT5M12S","uploadDate": "2021-11-14T02:30:02-08:00","thumbnails": {"high": { "url": "https://i.ytimg.com/vi/HK4oygouBDg/maxresdefault.jpg"}}}},
                        {"id": {"videoId": "3hTnfdQJNhA"},"snippet": {"title": "Afacanların Hikâyesi 51.Bölüm -'Vefa'","channelTitle": "Afacanların Hikâyesi","duration": "PT5M6S","uploadDate": "2021-11-21T02:30:00-08:00","thumbnails": {"high": { "url": "https://i.ytimg.com/vi/3hTnfdQJNhA/maxresdefault.jpg"}}}},
                        {"id": {"videoId": "_15bqpNfktU"},"snippet": {"title": "Afacanların Hikâyesi 52.Bölüm -'Sorumluluk'","channelTitle": "Afacanların Hikâyesi","duration": "PT6M17S","uploadDate": "2021-11-28T02:30:08-08:00","thumbnails": {"high": { "url": "https://i.ytimg.com/vi/_15bqpNfktU/maxresdefault.jpg"}}}},
                        {"id": {"videoId": "EipPxH-0pRA"},"snippet": {"title": "Afacanların Hikâyesi 53.Bölüm -'Çikolata Fabrikası'","channelTitle": "Afacanların Hikâyesi","duration": "PT4M56S","uploadDate": "2021-12-05T02:30:01-08:00","thumbnails": {"high": { "url": "https://i.ytimg.com/vi/EipPxH-0pRA/maxresdefault.jpg"}}}},
                        {"id": {"videoId": "WDTVeWJ8s10"},"snippet": {"title": "Afacanların Hikâyesi 54.Bölüm -'Yardım Et'","channelTitle": "Afacanların Hikâyesi","duration": "PT5M22S","uploadDate": "2021-12-12T02:30:11-08:00","thumbnails": {"high": { "url": "https://i.ytimg.com/vi/WDTVeWJ8s10/maxresdefault.jpg"}}}},
                        {"id": {"videoId": "3TnJvvcQb6Q"},"snippet": {"title": "Afacanların Hikâyesi 55.Bölüm -'Aymaz Kayboldu'","channelTitle": "Afacanların Hikâyesi","duration": "PT6M56S","uploadDate": "2021-12-19T02:30:00-08:00","thumbnails": {"high": { "url": "https://i.ytimg.com/vi/3TnJvvcQb6Q/maxresdefault.jpg"}}}},
                        {"id": {"videoId": "lQ0rPQObqys"},"snippet": {"title": "Afacanların Hikâyesi 56.Bölüm -'Mucize ve Teknoloji'","channelTitle": "Afacanların Hikâyesi","duration": "PT5M12S","uploadDate": "2021-12-26T02:30:18-08:00","thumbnails": {"high": { "url": "https://i.ytimg.com/vi/lQ0rPQObqys/maxresdefault.jpg"}}}},
                        {"id": {"videoId": "iihHt-8t9rI"},"snippet": {"title": "Afacanların Hikâyesi 57.Bölüm -'İki Yol ve İki Adam'","channelTitle": "Afacanların Hikâyesi","duration": "PT6M55S","uploadDate": "2022-01-02T02:30:05-08:00","thumbnails": {"high": { "url": "https://i.ytimg.com/vi/iihHt-8t9rI/maxresdefault.jpg"}}}},
                        {"id": {"videoId": "QaJmPGOV_FA"},"snippet": {"title": "Afacanların Hikâyesi 58.Bölüm -'Doğruluk'","channelTitle": "Afacanların Hikâyesi","duration": "PT8M19S","uploadDate": "2022-01-09T02:30:06-08:00","thumbnails": {"high": { "url": "https://i.ytimg.com/vi/QaJmPGOV_FA/maxresdefault.jpg"}}}},
                        {"id": {"videoId": "P_6ek9Cp44c"},"snippet": {"title": "Afacanların Hikâyesi 59.Bölüm -'Koş'","channelTitle": "Afacanların Hikâyesi","duration": "PT6M28S","uploadDate": "2022-01-16T02:30:03-08:00","thumbnails": {"high": { "url": "https://i.ytimg.com/vi/P_6ek9Cp44c/maxresdefault.jpg"}}}},
                        {"id": {"videoId": "07u6cEKik6Q"},"snippet": {"title": "Afacanların Hikâyesi 61. Bölüm -'Yavru Kuşlar'","channelTitle": "Afacanların Hikâyesi","duration": "PT8M31S","uploadDate": "2022-02-20T02:30:12-08:00","thumbnails": {"high": { "url": "https://i.ytimg.com/vi/07u6cEKik6Q/maxresdefault.jpg"}}}},
                        {"id": {"videoId": "R-GLGpLmqjw"},"snippet": {"title": "Afacanların Hikâyesi 60. Bölüm -'Gökten Bir Elma Düştü'","channelTitle": "Afacanların Hikâyesi","duration": "PT4M59S","uploadDate": "2022-02-12T13:00:19-08:00","thumbnails": {"high": { "url": "https://i.ytimg.com/vi/R-GLGpLmqjw/maxresdefault.jpg"}}}},
                        {"id": {"videoId": "ZBKKLWeU4r0"},"snippet": {"title": "Afacanların Hikâyesi 62. Bölüm -'Alçakgönüllülük'","channelTitle": "Afacanların Hikâyesi","duration": "PT9M1S","uploadDate": "2022-03-06T02:30:17-08:00","thumbnails": {"high": { "url": "https://i.ytimg.com/vi/ZBKKLWeU4r0/maxresdefault.jpg"}}}},
                        {"id": {"videoId": "tIRgVHm5wiI"},"snippet": {"title": "Afacanların Hikâyesi 63. Bölüm -'Huzur Evi'","channelTitle": "Afacanların Hikâyesi","duration": "PT6M33S","uploadDate": "2022-03-13T03:30:24-07:00","thumbnails": {"high": { "url": "https://i.ytimg.com/vi/tIRgVHm5wiI/maxresdefault.jpg"}}}},
                        {"id": {"videoId": "djVF94vKl0s"},"snippet": {"title": "Afacanların Hikâyesi 64. Bölüm -'Gerçek Pehlivan'","channelTitle": "Afacanların Hikâyesi","duration": "PT5M48S","uploadDate": "2022-03-20T03:30:19-07:00","thumbnails": {"high": { "url": "https://i.ytimg.com/vi/djVF94vKl0s/maxresdefault.jpg"}}}},
                        {"id": {"videoId": "v6fibjL9JN4"},"snippet": {"title": "Afacanların Hikâyesi 65. Bölüm -'Sultan Geliyor (Ramazan)","channelTitle": "Afacanların Hikâyesi","duration": "PT5M31S","uploadDate": "2022-03-27T03:30:07-07:00","thumbnails": {"high": { "url": "https://i.ytimg.com/vi/v6fibjL9JN4/maxresdefault.jpg"}}}},
                        {"id": {"videoId": "r-74hxeMKRo"},"snippet": {"title": "Afacanların Hikâyesi 66. Bölüm -'Sahur ve İftar'","channelTitle": "Afacanların Hikâyesi","duration": "PT6M14S","uploadDate": "2022-04-03T03:30:07-07:00","thumbnails": {"high": { "url": "https://i.ytimg.com/vi/r-74hxeMKRo/maxresdefault.jpg"}}}},
                        {"id": {"videoId": "FV50h3LzGFU"},"snippet": {"title": "Afacanların Hikâyesi 67. Bölüm -'Elhamdülillah'","channelTitle": "Afacanların Hikâyesi","duration": "PT4M43S","uploadDate": "2022-04-10T03:30:05-07:00","thumbnails": {"high": { "url": "https://i.ytimg.com/vi/FV50h3LzGFU/maxresdefault.jpg"}}}},
                        {"id": {"videoId": "VCVkHapUEpk"},"snippet": {"title": "Afacanların Hikâyesi 68. Bölüm -'Adalet'","channelTitle": "Afacanların Hikâyesi","duration": "PT6M5S","uploadDate": "2022-04-17T03:30:10-07:00","thumbnails": {"high": { "url": "https://i.ytimg.com/vi/VCVkHapUEpk/maxresdefault.jpg"}}}},
                        {"id": {"videoId": "zfP3jQkQasY"},"snippet": {"title": "Afacanların Hikâyesi 69. Bölüm -'Komşuluk'","channelTitle": "Afacanların Hikâyesi","duration": "PT4M47S","uploadDate": "2022-04-24T03:30:09-07:00","thumbnails": {"high": { "url": "https://i.ytimg.com/vi/zfP3jQkQasY/maxresdefault.jpg"}}}},
                        {"id": {"videoId": "0Fyl3Fj-HRQ"},"snippet": {"title": "Afacanların Hikâyesi 70. Bölüm -'Rehber'","channelTitle": "Afacanların Hikâyesi","duration": "PT6M57S","uploadDate": "2022-05-01T03:30:00-07:00","thumbnails": {"high": { "url": "https://i.ytimg.com/vi/0Fyl3Fj-HRQ/maxresdefault.jpg"}}}},
                        {"id": {"videoId": "Z-MOniXU2Bc"},"snippet": {"title": "Afacanların Hikâyesi 71. Bölüm -'Fabrikalar ve Hayvanlar'","channelTitle": "Afacanların Hikâyesi","duration": "PT6M22S","uploadDate": "2022-05-08T03:30:13-07:00","thumbnails": {"high": { "url": "https://i.ytimg.com/vi/Z-MOniXU2Bc/maxresdefault.jpg?sqp=-oaymwEmCIAKENAF8quKqQMa8AEB-AH-CYAC0AWKAgwIABABGGUgYChTMA8=&rs=AOn4CLB3tMYP1CNyxbTdUgPo3YwW5NoGQw"}}}},
                        {"id": {"videoId": "QLjmghpvtak"},"snippet": {"title": "Afacanların Hikâyesi 72. Bölüm -'Her Şey Eskiyor'","channelTitle": "Afacanların Hikâyesi","duration": "PT5M50S","uploadDate": "2022-05-15T03:30:03-07:00","thumbnails": {"high": { "url": "https://i.ytimg.com/vi/QLjmghpvtak/maxresdefault.jpg"}}}},
                        {"id": {"videoId": "-uoLpr1yR84"},"snippet": {"title": "Afacanların Hikâyesi 73. Bölüm -'Sakla'","channelTitle": "Afacanların Hikâyesi","duration": "PT5M0S","uploadDate": "2022-05-22T03:30:00-07:00","thumbnails": {"high": { "url": "https://i.ytimg.com/vi/-uoLpr1yR84/maxresdefault.jpg"}}}},
                        {"id": {"videoId": "OI4rn7ryujA"},"snippet": {"title": "Afacanların Hikâyesi 75. Bölüm -'Yardım'","channelTitle": "Afacanların Hikâyesi","duration": "PT6M47S","uploadDate": "2022-05-29T03:30:02-07:00","thumbnails": {"high": { "url": "https://i.ytimg.com/vi/OI4rn7ryujA/maxresdefault.jpg?sqp=-oaymwEmCIAKENAF8quKqQMa8AEB-AH-CYAC0AWKAgwIABABGGUgVihEMA8=&rs=AOn4CLDoJZzjeWkj7WNnN9aHXOTpSEW0_A"}}}},
                        {"id": {"videoId": "04JGkBU7m64"},"snippet": {"title": "Afacanların Hikâyesi 76. Bölüm -'Alçakgönüllü Ol'","channelTitle": "Afacanların Hikâyesi","duration": "PT5M45S","uploadDate": "2022-06-05T03:30:00-07:00","thumbnails": {"high": { "url": "https://i.ytimg.com/vi/04JGkBU7m64/maxresdefault.jpg?sqp=-oaymwEmCIAKENAF8quKqQMa8AEB-AH-CYAC0AWKAgwIABABGGUgVihDMA8=&rs=AOn4CLB09rQwOuVzPLHC6VD6I13T_2fppA"}}}},
                        {"id": {"videoId": "KhJBhxA5u0g"},"snippet": {"title": "Afacanların Hikâyesi 77. Bölüm -'Her Şey Onu Anlatır'","channelTitle": "Afacanların Hikâyesi","duration": "PT7M2S","uploadDate": "2022-06-12T03:30:06-07:00","thumbnails": {"high": { "url": "https://i.ytimg.com/vi/KhJBhxA5u0g/maxresdefault.jpg"}}}},
                        {"id": {"videoId": "bdFH9YpEHf0"},"snippet": {"title": "Afacanların Hikâyesi 78. Bölüm -'Mağara'","channelTitle": "Afacanların Hikâyesi","duration": "PT8M17S","uploadDate": "2022-06-19T03:30:12-07:00","thumbnails": {"high": { "url": "https://i.ytimg.com/vi/bdFH9YpEHf0/maxresdefault.jpg"}}}},
                        {"id": {"videoId": "th7QhaOOj9c"},"snippet": {"title": "Afacanların Hikâyesi 79. Bölüm -'24 Altın'","channelTitle": "Afacanların Hikâyesi","duration": "PT7M38S","uploadDate": "2022-06-26T03:30:19-07:00","thumbnails": {"high": { "url": "https://i.ytimg.com/vi/th7QhaOOj9c/maxresdefault.jpg"}}}},
                        {"id": {"videoId": "e-iapgoSir0"},"snippet": {"title": "Afacanların Hikâyesi 80. Bölüm -'Bu Saray Kimin'","channelTitle": "Afacanların Hikâyesi","duration": "PT6M40S","uploadDate": "2022-07-03T03:30:13-07:00","thumbnails": {"high": { "url": "https://i.ytimg.com/vi/e-iapgoSir0/maxresdefault.jpg"}}}}
                    ]
            }
        ]
    }
]